{"1":{"Rate":{"1":0.05,"2":0.0025,"3":0.00013},"ItemPic":{"1":10407002,"2":10407004,"3":10407006,"4":10407001,"5":10407050,"6":10407011,"7":10407052,"8":10407028,"9":10407015,"10":10407040,"11":10407045,"12":10407033,"13":10407054,"14":10407038,"15":10407023,"16":10407036,"17":10407058,"18":10407059,"19":10407047,"20":10407062},"Quality":1,"FavorNum":{"1":1,"2":2,"3":3},"Explain":"PetText_042"},"2":{"Rate":{"1":0.025,"2":0.00063,"3":2e-05},"ItemPic":{"1":10407002,"2":10407004,"3":10407006,"4":10407001,"5":10407050,"6":10407011,"7":10407052,"8":10407028,"9":10407015,"10":10407040,"11":10407045,"12":10407033,"13":10407054,"14":10407038,"15":10407023,"16":10407036,"17":10407058,"18":10407059,"19":10407047,"20":10407062,"21":10407010,"22":10407005,"23":10407009,"24":10407030,"25":10407051,"26":10407007,"27":10407053,"28":10407029,"29":10407014,"30":10407031,"31":10407034,"32":10407027,"33":10407055,"34":10407056,"35":10407041,"36":10407057,"37":10407060,"38":10407061,"39":10407063,"40":10407049},"FavorNum":{"1":1,"2":2,"3":3},"Quality":2,"Explain":"PetText_043"}}